page,website
https://stores.medkart.in/medkart-pharmacy-shahibaug-ahmedabad-11342333/home,https://stores.medkart.in/medkart-pharmacy-shahibaug-ahmedabad-11342333/home
https://stores.medkart.in/medkart-pharmacy-bavlanavrangpura-navrangpura-ahmedabad-11342329/home,https://stores.medkart.in/medkart-pharmacy-bavlanavrangpura-navrangpura-ahmedabad-11342329/home
https://irmgroup.co.in/,https://irmgroup.co.in/
https://www.furbopharma.com/,https://www.furbopharma.com/
http://www.keplerhealthcare.com/,http://www.keplerhealthcare.com/
http://kivonyx.com/,http://kivonyx.com/
https://trustcarepharmaceutical.com/,https://trustcarepharmaceutical.com/
http://www.parisarpharma.com/,http://www.parisarpharma.com/
http://www.welfeed.com/,http://www.welfeed.com/
https://www.troikaa.com/,https://www.troikaa.com/
https://stores.medkart.in/medkart-pharmacy-lghospitalroad-maninagar-ahmedabad-11342760/home,https://stores.medkart.in/medkart-pharmacy-lghospitalroad-maninagar-ahmedabad-11342760/home
https://stores.medkart.in/medkart-pharmacy-daxinisocietyroad-maninagar-ahmedabad-11342763/home,https://stores.medkart.in/medkart-pharmacy-daxinisocietyroad-maninagar-ahmedabad-11342763/home
http://carisepharma.com/,http://carisepharma.com/
http://myliapharma.com/,http://myliapharma.com/
http://myliapharma.com/index.htm,http://myliapharma.com/
http://www.finecurepharma.com/,http://www.finecurepharma.com/
https://stores.medkart.in/medkart-pharmacy-bopal-ahmedabad-11342332/home,https://stores.medkart.in/medkart-pharmacy-bopal-ahmedabad-11342332/home
http://www.unisonpharmaceuticals.com/,info@unisonpharmaceuticals.com,http://www.unisonpharmaceuticals.com/
http://www.unisonpharmaceuticals.com/,info@unisonpharmaceuticals.com,http://www.unisonpharmaceuticals.com/
http://www.westcoastin.com/,http://www.westcoastin.com/
https://www.prismpharmamachinery.com/,https://www.prismpharmamachinery.com/
http://intasportfolio.com/,http://intasportfolio.com/
http://www.rssurgipharm.in/,http://www.rssurgipharm.in/
http://www.saviourpharma.com/,http://www.saviourpharma.com/
http://www.saviourpharma.com/Default.aspx,http://www.saviourpharma.com/
http://www.kashmikformulation.com/,sales@kashmik.com,http://www.kashmikformulation.com/
http://www.kashmikformulation.com/,sales@kashmik.com,http://www.kashmikformulation.com/
https://stores.medkart.in/medkart-pharmacy-shukangloryroad-gota-ahmedabad-11342766/home,https://stores.medkart.in/medkart-pharmacy-shukangloryroad-gota-ahmedabad-11342766/home
http://ww.caspharmacy.com/,http://ww.caspharmacy.com/
https://www.pharmavisualaid.in/,https://www.pharmavisualaid.in/
https://www.reliancepharma.com/,electrcs@gmail.com,https://www.reliancepharma.com/
https://www.reliancepharma.com/,electrcs@gmail.com,https://www.reliancepharma.com/
https://www.shelter.co.in/,https://www.shelter.co.in/
http://www.lyfhealthcare.com/,http://www.lyfhealthcare.com/
https://triviopharmacy.com/,hello@triviopharmacy.com,https://triviopharmacy.com/
https://triviopharmacy.com/#site-content,hello@triviopharmacy.com,https://triviopharmacy.com/
http://westcoastin.com/,http://westcoastin.com/
https://sharingformulations.com/,https://sharingformulations.com/
https://joinhubpharma.com/?utm_source=google&utm_medium=oraganic&utm_campaign=gmb&utm_id=joinhubpharmagmb,https://joinhubpharma.com/?utm_source=google&utm_medium=oraganic&utm_campaign=gmb&utm_id=joinhubpharmagmb
http://www.yogicarepharma.com/,http://www.yogicarepharma.com/
https://merupc.co.in/,meru21pc@gmail.com,https://merupc.co.in/
https://merupc.co.in/#content,meru21pc@gmail.com,https://merupc.co.in/
https://www.mizigfarmaco.com/,https://www.mizigfarmaco.com/
http://www.stallionlabs.com/,'info@stallionlabs.com,http://www.stallionlabs.com/
http://www.stallionlabs.com/#page,'info@stallionlabs.com,http://www.stallionlabs.com/
http://www.shreejeeremedies.com/,shreejeeremedies@gmail.com,http://www.shreejeeremedies.com/
http://www.shreejeeremedies.com/sendinquiry-form.php,shreejeeremedies@gmail.com,http://www.shreejeeremedies.com/
http://aqunovapharma.com/,http://aqunovapharma.com/
http://aqunovapharma.com/,http://aqunovapharma.com/
http://eris.co.in/,http://eris.co.in/
https://www.helianthuslifesciences.com/,https://www.helianthuslifesciences.com/
http://www.2apharmaceuticals.com/,2apharmaceuticals@gmail.com,http://www.2apharmaceuticals.com/
http://www.2apharmaceuticals.com/Home/Index,2apharmaceuticals@gmail.com,http://www.2apharmaceuticals.com/
http://www.amanta.co.in/,http://www.amanta.co.in/
http://www.amanta.co.in/,http://www.amanta.co.in/
http://www.elixirpharma.in/,http://www.elixirpharma.in/
https://kamrongroup.com/,https://kamrongroup.com/
http://www.gujaratterce.in/,ho@gujaratterce.com,http://www.gujaratterce.in/
http://www.gujaratterce.in/,ho@gujaratterce.com,http://www.gujaratterce.in/
http://viberlifescience.co.in/,viber.lifescience@gmail.com,http://viberlifescience.co.in/
http://viberlifescience.co.in/#content,viber.lifescience@gmail.com,http://viberlifescience.co.in/
http://www.namoremedies.co.in/,http://www.namoremedies.co.in/
https://www.dishaapis.com/contact.html,https://www.dishaapis.com/contact.html
http://cognovalifescience.com/,marketing@cognovalifescience.com,http://cognovalifescience.com/
http://cognovalifescience.com/,marketing@cognovalifescience.com,http://cognovalifescience.com/
https://www.accentmicrocell.com/,https://www.accentmicrocell.com/
https://octaviuspharma.com/,sales@octaviuspharma.com,https://octaviuspharma.com/
https://octaviuspharma.com/#primary,sales@octaviuspharma.com,https://octaviuspharma.com/
http://rutvikpharma.co.in/,http://rutvikpharma.co.in/
https://mediwinpharma.com/,info@mediwinpharma.com,https://mediwinpharma.com/
https://mediwinpharma.com/#ajax-content-wrap,info@mediwinpharma.com,https://mediwinpharma.com/
http://limbsonpharma.com/,http://limbsonpharma.com/
http://solderma.com/,http://solderma.com/
http://brilliantlifesciences.com/,http://brilliantlifesciences.com/
https://www.dwarkeshpharma.com/,https://www.dwarkeshpharma.com/
http://www.rrplpharma.com/,http://www.rrplpharma.com/
http://www.norgammedicaments.com/,info@norgammedicaments.com,http://www.norgammedicaments.com/
http://www.norgammedicaments.com/index.html,info@norgammedicaments.com,http://www.norgammedicaments.com/
http://www.indicapharmaltd.com/,http://www.indicapharmaltd.com/
http://www.antilalife.com/,info@antilalife.com,http://www.antilalife.com/
http://www.antilalife.com/,info@antilalife.com,http://www.antilalife.com/
https://stores.medkart.in/medkart-pharmacy-maniki-circle-ahmedabad-11342767/home,https://stores.medkart.in/medkart-pharmacy-maniki-circle-ahmedabad-11342767/home
https://stoicurepharma.com/,https://stoicurepharma.com/
http://www.todahealthcare.com/,http://www.todahealthcare.com/
https://www.lichempharmaceuticals.com/,'info@lichempharmaceutical.com,https://www.lichempharmaceuticals.com/
https://www.lichempharmaceuticals.com/index.php,'info@lichempharmaceutical.com,https://www.lichempharmaceuticals.com/
https://radiushc.com/,sales@radiushc.com,https://radiushc.com/
https://radiushc.com/index.php,sales@radiushc.com,https://radiushc.com/
http://www.heliospharma.com/,http://www.heliospharma.com/
http://ravyasgroup.com/,http://ravyasgroup.com/
http://www.dishmangroup.com/,http://www.dishmangroup.com/
http://inuen.in/,info@inuen.in,http://inuen.in/
http://inuen.in/,,http://inuen.in/
https://aarpik.com/,https://aarpik.com/
https://aarpik.com/,https://aarpik.com/
https://aarpik.com/cdn-cgi/l/email-protection#80e9eee6efc0e1e1f2f0e9ebaee3efed,https://aarpik.com/
http://www.rivanpharma.com/,http://www.rivanpharma.com/
http://www.kenlab.in/,http://www.kenlab.in/
http://www.halcyonlabs.com/,info@halcyonlabs.com,http://www.halcyonlabs.com/
http://www.halcyonlabs.com/index.html,info@halcyonlabs.com,http://www.halcyonlabs.com/
http://www.corelpharmachem.com/,corel@corelpharmachem.com,http://www.corelpharmachem.com/
http://www.corelpharmachem.com/#about-corel,corel@corelpharmachem.com,http://www.corelpharmachem.com/
http://www.nabros.in/,http://www.nabros.in/
https://fossilremedies.com/,https://fossilremedies.com/
http://www.sarabhaichemicals.com/,http://www.sarabhaichemicals.com/
http://www.saillonpharma.com/,http://www.saillonpharma.com/
http://varahiinternational.com/,http://varahiinternational.com/
https://www.mediborn.com/,mediborn.pharmaceuticals1985@gmail.com,https://www.mediborn.com/
https://www.mediborn.com/contact,mediborn.pharmaceuticals1985@gmail.com,https://www.mediborn.com/
http://aidwelllife.com/,mail@example.com,http://aidwelllife.com/
http://aidwelllife.com/contact-us.html,,http://aidwelllife.com/
http://shelatpharmaceutical.com/,contact@sansoxygen.com,http://shelatpharmaceutical.com/
http://shelatpharmaceutical.com/,contact@sansoxygen.com,http://shelatpharmaceutical.com/
http://rudrakshapharmaceuticals.co.in/,http://rudrakshapharmaceuticals.co.in/
https://yorilife.in/,https://yorilife.in/
http://www.maanpharma.com/,http://www.maanpharma.com/
https://amerisepharma.com/,https://amerisepharma.com/
https://aidotickpharma.com/,https://aidotickpharma.com/
http://www.sevidapharma.com/,http://www.sevidapharma.com/
https://merrilpharma.com/?utm_campaign=gmb,sales@merrilpharm.com,https://merrilpharma.com/?utm_campaign=gmb
http://www.meckpharma.com/,info@meckgroup.co.in,http://www.meckpharma.com/
http://www.meckpharma.com/index.html,info@meckgroup.co.in,http://www.meckpharma.com/
http://www.tweetindia.in/,http://www.tweetindia.in/
http://zymanhealthcare.in/,info@zymanhealthcare.in,http://zymanhealthcare.in/
http://zymanhealthcare.in/index.html,info@zymanhealthcare.in,http://zymanhealthcare.in/
http://www.redsongroup.com/,http://www.redsongroup.com/
http://quepharma.com/,http://quepharma.com/
http://numenpharma.com/,http://numenpharma.com/
http://numenpharma.com/,http://numenpharma.com/
https://www.cataliqlabs.com/,https://www.cataliqlabs.com/
https://www.kdchempharma.com/,https://www.kdchempharma.com/
http://www.pvpharma.com/,http://www.pvpharma.com/
https://canbiopharmaceuticals.com/,https://canbiopharmaceuticals.com/
https://amishidrugs.com/,https://amishidrugs.com/
https://orbitpharm.com/,https://orbitpharm.com/
http://www.towapharma.com/,http://www.towapharma.com/
http://topmostpharma.com/,nfo@topmostpharma.com,http://topmostpharma.com/
http://topmostpharma.com/index.html,nfo@topmostpharma.com,http://topmostpharma.com/
https://karoferhealthcare.com/,https://karoferhealthcare.com/
http://ankitpharmaceuticals.com/,http://ankitpharmaceuticals.com/
http://www.fulcarepharmaceutical.com/,fulcarepharmaceutical@gmail.com,http://www.fulcarepharmaceutical.com/
http://www.fulcarepharmaceutical.com/index.html,fulcarepharmaceutical@gmail.com,http://www.fulcarepharmaceutical.com/
http://www.pearllifecare.com/,pearllifecare@gmail.com,http://www.pearllifecare.com/
http://www.pearllifecare.com/,pearllifecare@gmail.com,http://www.pearllifecare.com/
http://incyhealthcare.com/,sales@incyhealthcare.com,http://incyhealthcare.com/
http://incyhealthcare.com/service-detail/third-party-pharmaceuticals-manufacturing-product-range,sales@incyhealthcare.com,http://incyhealthcare.com/
https://vasapharmachem.com/,https://vasapharmachem.com/
http://arisebiocare.com/,http://arisebiocare.com/
https://www.rxmedicinemart.in/,info@rxmedicinemart.in,https://www.rxmedicinemart.in/
https://www.rxmedicinemart.in/,info@rxmedicinemart.in,https://www.rxmedicinemart.in/
http://elixirremedies.in/,http://elixirremedies.in/
https://www.meditek.co.in/,https://www.meditek.co.in/
http://www.swisspharma.in/,http://www.swisspharma.in/
http://www.mediskypharma.com/,http://www.mediskypharma.com/
http://www.mediskypharma.com/,http://www.mediskypharma.com/
http://www.hirallabs.com/,http://www.hirallabs.com/
http://www.hirallabs.com/index.php,http://www.hirallabs.com/
https://ritzpharma.com/,info@ritzpharma.com,https://ritzpharma.com/
https://ritzpharma.com/,info@ritzpharma.com,https://ritzpharma.com/
http://amunapharma.com/,http://amunapharma.com/
https://www.salvinindustries.in/,info@indiantypefoundry.com,https://www.salvinindustries.in/
https://www.salvinindustries.in/,info@indiantypefoundry.com,https://www.salvinindustries.in/
http://www.oxygenpharmaceutical.in/,http://www.oxygenpharmaceutical.in/
http://www.qmedica.in/,info@qmedica.in,http://www.qmedica.in/
http://www.qmedica.in/index.php,info@qmedica.in,http://www.qmedica.in/
http://www.remuspharma.com/,sales@remuspharma.com,http://www.remuspharma.com/
http://www.lavitapharma.com/,http://www.lavitapharma.com/
https://www.rayopharma.in/,https://www.rayopharma.in/
http://www.prashil.co.in/,http://www.prashil.co.in/
https://www.arkapharma.com/,arkapharmaceutical@gmail.com,https://www.arkapharma.com/
https://www.arkapharma.com/,arkapharmaceutical@gmail.com,https://www.arkapharma.com/
https://www.sunrisepharma.info/,//605a7baede844d278b89dc95ae0a9123@sentry-next.wixpress.com,https://www.sunrisepharma.info/
https://www.sunrisepharma.info/the-company,,https://www.sunrisepharma.info/
http://www.apdmpharma.com/,info@apdmpharma.com,http://www.apdmpharma.com/
http://www.apdmpharma.com/,,http://www.apdmpharma.com/
http://dermaremedies.in/,http://dermaremedies.in/
http://dermaremedies.in/,http://dermaremedies.in/
http://descoverymedicare.in/,http://descoverymedicare.in/
http://descoverymedicare.in/index.html,http://descoverymedicare.in/
http://descoverymedicare.in/cdn-cgi/l/email-protection#d6b2b3a5b5b9a0b3a4afbbb3b2bfb5b7a4b396b1bbb7bfbaf8b5b9bb,http://descoverymedicare.in/
http://nephurocare.com/,nephurocarepharma@gmail.com,http://nephurocare.com/
http://nephurocare.com/ourcompany-nephurocare.php,nephurocarepharma@gmail.com,http://nephurocare.com/
https://sadhyahealthcare.com/,https://sadhyahealthcare.com/
https://www.uhcpharmaceuticals.com/,uhcpharma@yahoo.com,https://www.uhcpharmaceuticals.com/
https://www.uhcpharmaceuticals.com/index.html,uhcpharma@yahoo.com,https://www.uhcpharmaceuticals.com/
https://www.shaktipharmatech.com/,https://www.shaktipharmatech.com/
http://www.bactafree.com/,http://www.bactafree.com/
https://www.sakarhealthcare.com/,https://www.sakarhealthcare.com/
https://www.sakarhealthcare.com/index.html,https://www.sakarhealthcare.com/
http://www.maryoppharma.com/,http://www.maryoppharma.com/
http://www.maryoppharma.com/,http://www.maryoppharma.com/
https://astraneopharma.com/,https://astraneopharma.com/
http://hexaphoenix.com/,http://hexaphoenix.com/
http://www.glydexpharmaceutical.com/,glydexpharmaceutical@gmail.com,http://www.glydexpharmaceutical.com/
http://www.glydexpharmaceutical.com/contact-us.htm,glydexpharmaceutical@gmail.com,http://www.glydexpharmaceutical.com/
http://www.ibacindia.com/,orpcomm@ibacindia.com,http://www.ibacindia.com/
http://www.ibacindia.com/index.html,orpcomm@ibacindia.com,http://www.ibacindia.com/
http://neocubespharma.com/,info@pra-me.com,http://neocubespharma.com/
http://neocubespharma.com/,info@pra-me.com,http://neocubespharma.com/
https://www.yutsopharmallp.com/,https://www.yutsopharmallp.com/
https://www.zenimacexim.co.in/,zenimac@rediffmail.com,https://www.zenimacexim.co.in/
https://www.zenimacexim.co.in/,zenimac@rediffmail.com,https://www.zenimacexim.co.in/
https://www.chemosynltd.com/,https://www.chemosynltd.com/
https://www.vanncarepharma.com/,https://www.vanncarepharma.com/
https://rextone.co.in/,https://rextone.co.in/
http://www.levitehealthcare.com/,info@levitehealthcare.com,http://www.levitehealthcare.com/
http://www.levitehealthcare.com/index.php,info@levitehealthcare.com,http://www.levitehealthcare.com/
https://divahealthcare.com/,divahealthcare07@gmail.com,https://divahealthcare.com/
https://divahealthcare.com/#content,divahealthcare07@gmail.com,https://divahealthcare.com/
http://www.modigmp.in/,http://www.modigmp.in/
http://www.orianpharma.com/,http://www.orianpharma.com/
https://www.strivepharma.com/,info@strivepharma.com,https://www.strivepharma.com/
https://www.strivepharma.com/about-us,,https://www.strivepharma.com/
http://www.taxanehealthcare.com/,http://www.taxanehealthcare.com/
http://www.trimitsupharma.com/,http://www.trimitsupharma.com/
https://www.envieindia.com/,info.envieindia@gmail.com,https://www.envieindia.com/
https://www.envieindia.com/home,info.envieindia@gmail.com,https://www.envieindia.com/
http://www.indiamart.com/qrative-care/,http://www.indiamart.com/qrative-care/
http://www.indiamart.com/qrative-care/eye-drops-pharmaceutical-tablets.html,http://www.indiamart.com/qrative-care/
http://www.indiamart.com/qrative-care/,http://www.indiamart.com/qrative-care/
http://fibricahealthcare.com/,//605a7baede844d278b89dc95ae0a9123@sentry-next.wixpress.com,http://fibricahealthcare.com/
https://dbello.in/,info@dbello.in,https://dbello.in/
https://dbello.in/shop.php,info@dbello.in,https://dbello.in/
http://noronicpharma.com/,hr@noronicpharma.com,http://noronicpharma.com/
http://noronicpharma.com/index.php,hr@noronicpharma.com,http://noronicpharma.com/
http://www.rutvikpharma.co.in/,http://www.rutvikpharma.co.in/
http://medipharmagroup.in/,http://medipharmagroup.in/
http://medipharmagroup.in/,http://medipharmagroup.in/
https://www.mitushibiopharma.com/,https://www.mitushibiopharma.com/
https://www.mitushibiopharma.com/a,https://www.mitushibiopharma.com/
http://www.stepuppharma.in/,http://www.stepuppharma.in/
http://arcalispharma.com/,http://arcalispharma.com/
https://www.cpharmaceutical.com/,https://www.cpharmaceutical.com/
http://aryucare.com/,upport@aryucare.com,http://aryucare.com/
http://aryucare.com/#main,upport@aryucare.com,http://aryucare.com/
https://bioresp.in/,https://bioresp.in/
https://nirvittapharmaceuticals.com/,https://nirvittapharmaceuticals.com/
http://westcoastin.com/,http://westcoastin.com/
http://adwikpharma.com/,http://adwikpharma.com/
